card_id,disp_id,type,issued
1005,9285,Diamond,07-11-2016
104,588,Diamond,19-12-2017
747,4915,Diamond,05-12-2017
70,439,Diamond,08-12-2017
577,3687,Diamond,15-12-2017
377,2429,Diamond,03-12-2017
721,4680,Silver,05-12-2017
437,2762,Diamond,01-12-2017
188,1146,Diamond,19-12-2017
13,87,Diamond,29-12-2017
732,4763,Diamond,21-12-2017
181,1066,Diamond,19-12-2017
384,2475,Silver,15-12-2017
309,1946,Diamond,19-12-2017
478,3084,Diamond,09-11-2017
563,3589,Diamond,21-11-2017
369,2363,Diamond,08-11-2017
376,2428,Diamond,10-11-2017
483,3115,Diamond,24-11-2017
174,1039,Silver,04-11-2017
658,4251,Diamond,25-11-2017
763,5138,Silver,30-11-2017
778,5275,Diamond,02-12-2018
1039,9837,Diamond,07-12-2018
477,3082,Silver,16-12-2018
168,1018,Diamond,24-12-2018
314,1999,Silver,27-12-2018
468,3023,Diamond,30-12-2018
208,1246,Gold,08-12-2018
766,5200,Diamond,11-12-2018
464,2984,Diamond,21-12-2018
497,3184,Diamond,03-12-2018
166,999,Diamond,05-12-2018
15,114,Diamond,05-12-2018
503,3225,Diamond,08-12-2018
1038,9787,Silver,30-12-2018
737,4791,Diamond,13-12-2018
418,2623,Diamond,14-12-2018
759,5117,Silver,18-12-2018
223,1353,Diamond,18-12-2018
5,51,Silver,24-12-2018
159,946,Diamond,01-12-2018
1223,13231,Silver,02-12-2018
662,4293,Diamond,09-12-2018
779,5323,Silver,21-12-2018
1040,9890,Silver,28-12-2018
545,3458,Diamond,30-12-2018
467,3019,Diamond,05-12-2018
1247,13660,Diamond,13-12-2018
652,4211,Diamond,16-12-2018
559,3573,Diamond,17-12-2018
719,4663,Diamond,24-12-2018
397,2513,Diamond,24-12-2018
107,593,Diamond,27-12-2018
661,4270,Diamond,03-12-2018
484,3116,Diamond,04-12-2018
501,3197,Diamond,09-12-2018
422,2650,Silver,11-12-2018
705,4555,Diamond,12-12-2018
410,2569,Diamond,20-12-2018
136,778,Diamond,28-12-2018
592,3782,Silver,07-12-2018
262,1647,Silver,24-12-2018
18,128,Diamond,25-12-2018
3,41,Gold,03-12-2018
98,537,Diamond,06-12-2018
167,1011,Diamond,15-12-2018
97,531,Silver,19-12-2018
699,4532,Diamond,26-12-2018
342,2157,Diamond,27-12-2018
713,4627,Diamond,30-12-2018
118,652,Diamond,22-11-2018
783,5433,Silver,24-11-2018
1103,11189,Diamond,04-11-2018
504,3230,Silver,06-11-2018
261,1629,Gold,09-11-2018
296,1876,Gold,13-11-2018
113,629,Silver,16-11-2018
92,508,Diamond,20-11-2018
1225,13268,Diamond,22-11-2018
393,2498,Silver,03-11-2018
695,4507,Diamond,15-11-2018
666,4328,Silver,25-11-2018
462,2978,Diamond,30-11-2018
85,489,Diamond,01-12-2018
337,2141,Diamond,01-12-2019
771,5233,Diamond,08-12-2019
379,2431,Diamond,12-12-2019
106,592,Diamond,14-12-2019
606,3883,Diamond,22-12-2019
427,2688,Gold,25-12-2019
202,1228,Diamond,04-12-2019
814,5911,Diamond,15-12-2019
1064,10328,Diamond,17-12-2019
14,112,Diamond,17-12-2019
423,2657,Diamond,19-12-2019
989,9119,Diamond,21-12-2019
364,2329,Diamond,29-12-2019
267,1691,Silver,09-12-2019
621,3970,Silver,19-12-2019
1139,11836,Silver,26-12-2019
725,4715,Silver,30-12-2019
150,859,Diamond,30-12-2019
302,1900,Diamond,31-12-2019
372,2395,Diamond,31-12-2019
499,3187,Diamond,03-12-2019
229,1384,Diamond,05-12-2019
289,1831,Silver,08-12-2019
1100,11101,Silver,10-12-2019
37,238,Diamond,20-12-2019
286,1812,Gold,21-12-2019
157,907,Diamond,24-12-2019
216,1310,Silver,24-12-2019
977,8968,Diamond,08-12-2019
183,1080,Diamond,08-12-2019
945,8342,Silver,09-12-2019
44,268,Silver,17-12-2019
600,3829,Diamond,20-12-2019
127,714,Diamond,23-12-2019
764,5159,Diamond,29-12-2019
204,1239,Silver,30-12-2019
1134,11742,Diamond,31-12-2019
312,1971,Diamond,08-12-2019
313,1980,Diamond,17-12-2019
641,4116,Diamond,18-12-2019
731,4751,Diamond,23-12-2019
84,487,Diamond,26-12-2019
265,1680,Diamond,28-12-2019
1176,12502,Gold,03-12-2019
1233,13382,Diamond,06-12-2019
407,2555,Diamond,11-12-2019
320,2045,Diamond,11-12-2019
1187,12635,Gold,17-12-2019
121,666,Silver,22-12-2019
1055,10171,Diamond,24-12-2019
303,1912,Diamond,01-12-2019
651,4201,Silver,02-12-2019
736,4789,Diamond,03-12-2019
24,153,Silver,05-12-2019
587,3763,Silver,05-12-2019
119,655,Diamond,08-12-2019
670,4343,Diamond,08-12-2019
227,1380,Diamond,10-12-2019
1164,12269,Diamond,12-12-2019
1043,9974,Silver,14-12-2019
278,1779,Diamond,15-12-2019
103,584,Silver,17-12-2019
673,4353,Silver,31-12-2019
38,242,Diamond,31-12-2019
470,3036,Diamond,02-12-2019
890,7422,Diamond,08-12-2019
514,3267,Diamond,10-12-2019
741,4832,Diamond,11-12-2019
882,7195,Diamond,11-12-2019
12,83,Silver,11-12-2019
152,876,Diamond,16-12-2019
163,984,Diamond,18-12-2019
708,4568,Silver,24-12-2019
1087,10887,Diamond,06-11-2019
854,6753,Diamond,07-11-2019
601,3830,Diamond,08-11-2019
99,548,Gold,09-11-2019
547,3477,Diamond,11-11-2019
40,255,Diamond,13-11-2019
220,1333,Diamond,13-11-2019
390,2490,Diamond,14-11-2019
776,5263,Diamond,19-11-2019
197,1202,Silver,21-11-2019
516,3279,Diamond,25-11-2019
381,2440,Diamond,27-11-2019
1010,9413,Diamond,27-11-2019
813,5873,Silver,28-11-2019
272,1754,Silver,28-11-2019
772,5243,Diamond,30-11-2019
528,3356,Diamond,01-12-2019
1014,9452,Diamond,02-11-2019
87,493,Diamond,02-11-2019
88,496,Diamond,04-11-2019
441,2785,Diamond,05-11-2019
562,3583,Diamond,07-11-2019
690,4479,Diamond,07-11-2019
374,2423,Diamond,08-11-2019
57,347,Diamond,09-11-2019
722,4684,Diamond,14-11-2019
300,1890,Diamond,20-11-2019
117,649,Silver,23-11-2019
541,3427,Silver,26-11-2019
294,1861,Diamond,04-11-2019
10,77,Diamond,07-11-2019
710,4588,Silver,10-11-2019
408,2560,Diamond,10-11-2019
363,2324,Silver,11-11-2019
697,4518,Diamond,11-11-2019
433,2724,Diamond,12-11-2019
642,4137,Diamond,13-11-2019
243,1478,Diamond,13-11-2019
162,967,Silver,23-11-2019
594,3794,Silver,27-11-2019
609,3893,Diamond,29-11-2019
1111,11288,Diamond,01-12-2019
786,5478,Diamond,01-12-2019
1118,11393,Diamond,02-12-2020
175,1040,Diamond,03-12-2020
565,3601,Gold,06-12-2020
714,4638,Diamond,09-12-2020
137,786,Silver,10-12-2020
22,138,Diamond,11-12-2020
325,2102,Diamond,12-12-2020
194,1182,Diamond,13-12-2020
668,4340,Diamond,14-12-2020
706,4559,Gold,16-12-2020
850,6644,Diamond,16-12-2020
298,1885,Diamond,17-12-2020
105,590,Diamond,17-12-2020
1036,9735,Diamond,17-12-2020
292,1842,Gold,18-12-2020
112,626,Silver,19-12-2020
678,4405,Gold,20-12-2020
1093,11011,Diamond,20-12-2020
681,4426,Diamond,22-12-2020
582,3733,Diamond,22-12-2020
729,4740,Silver,22-12-2020
54,334,Diamond,24-12-2020
258,1607,Diamond,26-12-2020
534,3387,Diamond,29-12-2020
667,4333,Diamond,31-12-2020
195,1194,Diamond,03-12-2020
199,1213,Diamond,07-12-2020
490,3136,Gold,07-12-2020
347,2184,Diamond,11-12-2020
210,1253,Diamond,16-12-2020
293,1850,Diamond,17-12-2020
189,1157,Diamond,19-12-2020
324,2074,Diamond,19-12-2020
578,3689,Silver,21-12-2020
266,1690,Diamond,04-12-2020
568,3615,Diamond,05-12-2020
171,1027,Diamond,05-12-2020
679,4416,Diamond,06-12-2020
841,6468,Diamond,06-12-2020
513,3260,Diamond,15-12-2020
647,4171,Silver,21-12-2020
665,4318,Diamond,24-12-2020
400,2529,Diamond,06-12-2020
617,3944,Gold,09-12-2020
709,4587,Silver,11-12-2020
387,2481,Diamond,18-12-2020
226,1378,Diamond,18-12-2020
350,2226,Diamond,20-12-2020
539,3415,Diamond,23-12-2020
583,3735,Diamond,24-12-2020
576,3671,Diamond,30-12-2020
232,1396,Diamond,01-12-2020
730,4749,Diamond,02-12-2020
616,3943,Diamond,05-12-2020
564,3590,Diamond,06-12-2020
82,474,Diamond,07-12-2020
1173,12442,Diamond,08-12-2020
426,2686,Diamond,09-12-2020
791,5521,Diamond,12-12-2020
572,3636,Silver,16-12-2020
375,2425,Silver,17-12-2020
69,438,Diamond,17-12-2020
607,3885,Diamond,17-12-2020
155,900,Silver,17-12-2020
275,1762,Diamond,20-12-2020
847,6610,Diamond,20-12-2020
399,2527,Diamond,22-12-2020
305,1914,Diamond,23-12-2020
430,2713,Diamond,26-12-2020
349,2214,Diamond,26-12-2020
256,1583,Diamond,26-12-2020
50,309,Diamond,28-12-2020
939,8217,Silver,29-12-2020
110,608,Diamond,31-12-2020
184,1089,Gold,03-12-2020
90,503,Diamond,04-12-2020
597,3813,Silver,06-12-2020
471,3037,Diamond,09-12-2020
494,3173,Diamond,10-12-2020
211,1271,Diamond,10-12-2020
353,2259,Diamond,11-12-2020
213,1289,Gold,11-12-2020
1009,9409,Gold,14-12-2020
297,1883,Diamond,15-12-2020
801,5684,Diamond,15-12-2020
748,4923,Diamond,16-12-2020
133,742,Diamond,16-12-2020
316,2013,Diamond,17-12-2020
145,819,Diamond,17-12-2020
270,1736,Silver,17-12-2020
1178,12542,Diamond,19-12-2020
222,1345,Diamond,19-12-2020
241,1461,Diamond,20-12-2020
280,1793,Diamond,22-12-2020
675,4376,Diamond,23-12-2020
108,597,Diamond,25-12-2020
1196,12805,Diamond,27-12-2020
287,1819,Silver,28-12-2020
443,2808,Diamond,29-12-2020
1138,11825,Diamond,29-12-2020
733,4764,Silver,30-12-2020
311,1954,Diamond,01-12-2020
120,662,Diamond,03-12-2020
122,667,Silver,03-12-2020
476,3079,Diamond,06-12-2020
781,5366,Diamond,07-12-2020
588,3765,Diamond,08-12-2020
403,2538,Silver,12-12-2020
139,797,Diamond,14-12-2020
553,3522,Diamond,14-12-2020
625,3987,Diamond,17-12-2020
413,2592,Silver,20-12-2020
591,3779,Diamond,23-12-2020
694,4504,Diamond,24-12-2020
512,3259,Diamond,24-12-2020
1095,11023,Gold,28-12-2020
1059,10235,Diamond,29-12-2020
75,457,Diamond,29-12-2020
383,2469,Diamond,30-12-2020
115,638,Diamond,30-12-2020
884,7286,Gold,31-12-2020
454,2921,Diamond,01-12-2020
688,4472,Diamond,01-12-2020
936,8030,Diamond,02-12-2020
663,4295,Diamond,06-12-2020
637,4094,Silver,06-12-2020
511,3257,Silver,06-12-2020
1220,13160,Diamond,08-12-2020
628,4007,Diamond,11-12-2020
718,4660,Diamond,12-12-2020
238,1452,Gold,17-12-2020
546,3465,Gold,19-12-2020
660,4265,Silver,19-12-2020
491,3151,Diamond,21-12-2020
140,798,Diamond,22-12-2020
502,3201,Diamond,22-12-2020
598,3821,Diamond,23-12-2020
355,2267,Diamond,28-12-2020
43,267,Diamond,29-12-2020
610,3894,Diamond,29-12-2020
182,1067,Gold,31-12-2020
41,256,Diamond,31-12-2020
91,504,Silver,01-12-2020
252,1529,Diamond,02-12-2020
495,3181,Diamond,02-12-2020
259,1610,Diamond,05-12-2020
187,1140,Diamond,07-12-2020
185,1098,Diamond,07-12-2020
1025,9625,Diamond,08-12-2020
19,130,Diamond,09-12-2020
431,2715,Gold,12-12-2020
356,2268,Diamond,13-12-2020
767,5204,Diamond,14-12-2020
537,3405,Diamond,15-12-2020
703,4546,Diamond,17-12-2020
671,4345,Diamond,17-12-2020
896,7567,Diamond,18-12-2020
343,2164,Diamond,21-12-2020
279,1791,Diamond,21-12-2020
622,3981,Silver,22-12-2020
612,3906,Diamond,22-12-2020
206,1243,Diamond,22-12-2020
190,1165,Diamond,23-12-2020
1203,12893,Diamond,26-12-2020
234,1424,Diamond,29-12-2020
30,202,Diamond,01-11-2020
327,2117,Diamond,03-11-2020
49,305,Diamond,03-11-2020
1115,11375,Silver,03-11-2020
698,4522,Gold,07-11-2020
874,7127,Gold,07-11-2020
247,1500,Silver,08-11-2020
656,4235,Diamond,08-11-2020
436,2759,Diamond,09-11-2020
124,688,Diamond,10-11-2020
633,4078,Diamond,12-11-2020
428,2698,Diamond,13-11-2020
638,4100,Gold,14-11-2020
153,886,Gold,19-11-2020
596,3811,Diamond,19-11-2020
664,4316,Diamond,22-11-2020
251,1525,Diamond,23-11-2020
552,3519,Diamond,25-11-2020
9,76,Diamond,25-11-2020
11,79,Gold,25-11-2020
650,4194,Diamond,26-11-2020
59,365,Diamond,27-11-2020
1016,9525,Diamond,28-11-2020
359,2299,Diamond,29-11-2020
438,2768,Diamond,30-11-2020
94,513,Diamond,06-11-2020
1056,10220,Diamond,06-11-2020
273,1758,Diamond,07-11-2020
947,8366,Diamond,08-11-2020
93,510,Diamond,09-11-2020
762,5132,Diamond,10-11-2020
254,1578,Diamond,11-11-2020
611,3896,Diamond,13-11-2020
648,4188,Diamond,18-11-2020
373,2401,Diamond,18-11-2020
579,3699,Diamond,18-11-2020
555,3544,Diamond,19-11-2020
329,2122,Gold,19-11-2020
707,4560,Diamond,21-11-2020
51,321,Diamond,21-11-2020
382,2445,Gold,22-11-2020
472,3056,Diamond,24-11-2020
237,1445,Diamond,25-11-2020
1234,13386,Diamond,28-11-2020
86,490,Diamond,28-11-2020
540,3425,Diamond,29-11-2020
493,3167,Diamond,30-11-2020
532,3382,Diamond,30-11-2020
590,3769,Diamond,02-11-2020
942,8295,Diamond,02-11-2020
33,221,Silver,03-11-2020
739,4821,Diamond,03-11-2020
45,272,Diamond,05-11-2020
25,158,Diamond,06-11-2020
200,1220,Gold,09-11-2020
268,1707,Gold,11-11-2020
507,3245,Diamond,11-11-2020
569,3616,Diamond,12-11-2020
282,1799,Gold,13-11-2020
536,3404,Diamond,13-11-2020
1022,9606,Diamond,13-11-2020
1105,11237,Diamond,13-11-2020
326,2104,Diamond,14-11-2020
380,2434,Diamond,15-11-2020
723,4699,Diamond,15-11-2020
81,473,Diamond,17-11-2020
521,3310,Diamond,17-11-2020
608,3890,Diamond,17-11-2020
589,3766,Silver,20-11-2020
281,1795,Diamond,22-11-2020
891,7434,Diamond,23-11-2020
774,5249,Diamond,25-11-2020
566,3606,Diamond,25-11-2020
575,3667,Gold,25-11-2020
154,887,Diamond,28-11-2020
130,722,Diamond,29-11-2020
434,2739,Diamond,30-11-2020
83,483,Diamond,05-12-2021
593,3787,Silver,06-12-2021
481,3102,Silver,06-12-2021
304,1913,Diamond,06-12-2021
149,858,Diamond,07-12-2021
659,4258,Diamond,08-12-2021
517,3291,Diamond,09-12-2021
368,2361,Diamond,10-12-2021
482,3104,Silver,13-12-2021
689,4473,Diamond,15-12-2021
557,3567,Diamond,17-12-2021
897,7576,Diamond,18-12-2021
803,5727,Diamond,19-12-2021
401,2532,Diamond,19-12-2021
760,5126,Diamond,19-12-2021
274,1759,Diamond,21-12-2021
28,174,Silver,22-12-2021
904,7672,Diamond,22-12-2021
474,3066,Silver,24-12-2021
214,1292,Diamond,24-12-2021
55,335,Diamond,25-12-2021
340,2155,Diamond,25-12-2021
724,4701,Gold,27-12-2021
67,429,Silver,28-12-2021
236,1440,Silver,29-12-2021
68,434,Diamond,31-12-2021
348,2203,Diamond,02-12-2021
65,414,Diamond,02-12-2021
1239,13442,Silver,02-12-2021
165,996,Silver,04-12-2021
249,1517,Diamond,06-12-2021
246,1492,Diamond,08-12-2021
720,4674,Silver,09-12-2021
518,3292,Gold,10-12-2021
459,2958,Gold,11-12-2021
655,4231,Diamond,13-12-2021
624,3985,Silver,13-12-2021
398,2522,Diamond,14-12-2021
796,5579,Diamond,20-12-2021
100,562,Gold,21-12-2021
574,3640,Silver,23-12-2021
360,2308,Diamond,24-12-2021
391,2493,Diamond,24-12-2021
283,1800,Diamond,25-12-2021
726,4721,Diamond,26-12-2021
132,731,Silver,26-12-2021
463,2982,Diamond,26-12-2021
21,132,Diamond,26-12-2021
529,3357,Diamond,27-12-2021
946,8359,Silver,28-12-2021
419,2626,Diamond,28-12-2021
248,1512,Diamond,01-12-2021
215,1296,Diamond,02-12-2021
225,1359,Diamond,03-12-2021
643,4157,Diamond,04-12-2021
844,6567,Silver,04-12-2021
672,4349,Diamond,07-12-2021
276,1765,Diamond,07-12-2021
1230,13312,Diamond,08-12-2021
599,3824,Gold,08-12-2021
72,447,Diamond,09-12-2021
1199,12826,Diamond,09-12-2021
48,295,Diamond,10-12-2021
58,358,Diamond,11-12-2021
334,2133,Diamond,13-12-2021
2,19,Diamond,13-12-2021
228,1382,Silver,15-12-2021
244,1480,Diamond,16-12-2021
1189,12683,Diamond,17-12-2021
198,1211,Silver,18-12-2021
34,225,Diamond,20-12-2021
535,3395,Diamond,22-12-2021
269,1718,Gold,22-12-2021
515,3268,Diamond,23-12-2021
290,1833,Diamond,24-12-2021
315,2005,Silver,24-12-2021
784,5461,Diamond,24-12-2021
63,378,Silver,27-12-2021
417,2619,Diamond,30-12-2021
619,3958,Diamond,01-12-2021
191,1168,Silver,02-12-2021
965,8636,Diamond,02-12-2021
444,2815,Gold,03-12-2021
370,2374,Diamond,03-12-2021
156,906,Silver,07-12-2021
492,3166,Diamond,09-12-2021
52,326,Gold,10-12-2021
71,441,Diamond,11-12-2021
775,5253,Gold,11-12-2021
330,2124,Diamond,11-12-2021
510,3256,Diamond,13-12-2021
170,1020,Diamond,16-12-2021
338,2146,Diamond,16-12-2021
755,5002,Diamond,16-12-2021
451,2888,Silver,16-12-2021
263,1668,Gold,17-12-2021
602,3846,Silver,18-12-2021
498,3186,Diamond,18-12-2021
933,7959,Silver,21-12-2021
89,497,Diamond,22-12-2021
761,5128,Gold,23-12-2021
176,1049,Diamond,25-12-2021
1102,11183,Diamond,25-12-2021
109,605,Diamond,26-12-2021
421,2644,Diamond,27-12-2021
918,7796,Diamond,27-12-2021
680,4417,Diamond,29-12-2021
824,6196,Diamond,29-12-2021
448,2864,Diamond,29-12-2021
1194,12781,Silver,30-12-2021
331,2125,Gold,01-12-2021
734,4765,Diamond,01-12-2021
235,1438,Diamond,02-12-2021
284,1807,Diamond,07-12-2021
412,2585,Diamond,09-12-2021
64,402,Diamond,10-12-2021
186,1133,Gold,12-12-2021
458,2951,Gold,14-12-2021
465,2995,Diamond,15-12-2021
457,2948,Silver,16-12-2021
456,2929,Diamond,16-12-2021
645,4166,Diamond,17-12-2021
906,7683,Gold,18-12-2021
756,5012,Diamond,18-12-2021
218,1322,Diamond,18-12-2021
717,4654,Diamond,19-12-2021
8,60,Silver,20-12-2021
700,4533,Silver,22-12-2021
757,5013,Silver,22-12-2021
126,707,Diamond,23-12-2021
358,2287,Silver,23-12-2021
639,4112,Diamond,23-12-2021
212,1280,Diamond,24-12-2021
415,2609,Diamond,25-12-2021
161,963,Diamond,25-12-2021
207,1244,Diamond,25-12-2021
1216,13097,Diamond,26-12-2021
649,4190,Diamond,29-12-2021
475,3075,Gold,31-12-2021
586,3756,Diamond,31-12-2021
446,2841,Diamond,04-12-2021
823,6178,Diamond,05-12-2021
644,4165,Diamond,05-12-2021
111,615,Diamond,05-12-2021
469,3026,Diamond,07-12-2021
17,127,Diamond,07-12-2021
558,3568,Diamond,07-12-2021
192,1169,Diamond,08-12-2021
631,4061,Silver,09-12-2021
317,2015,Diamond,10-12-2021
716,4651,Silver,11-12-2021
7,56,Diamond,11-12-2021
863,6906,Diamond,12-12-2021
123,679,Diamond,12-12-2021
770,5232,Diamond,15-12-2021
143,816,Diamond,15-12-2021
785,5468,Diamond,16-12-2021
646,4167,Diamond,17-12-2021
160,954,Diamond,17-12-2021
669,4341,Diamond,19-12-2021
101,566,Diamond,19-12-2021
332,2126,Diamond,19-12-2021
362,2320,Gold,21-12-2021
173,1031,Diamond,21-12-2021
16,116,Diamond,23-12-2021
365,2332,Diamond,23-12-2021
701,4534,Diamond,24-12-2021
80,471,Diamond,25-12-2021
831,6275,Diamond,29-12-2021
354,2265,Gold,30-12-2021
250,1522,Diamond,30-12-2021
142,810,Diamond,01-12-2021
991,9149,Silver,01-12-2021
1192,12736,Diamond,02-12-2021
738,4808,Silver,02-12-2021
627,3994,Diamond,05-12-2021
696,4516,Diamond,05-12-2021
260,1616,Diamond,05-12-2021
768,5223,Diamond,06-12-2021
233,1418,Diamond,07-12-2021
450,2880,Diamond,07-12-2021
440,2782,Diamond,07-12-2021
301,1899,Diamond,07-12-2021
485,3124,Diamond,08-12-2021
567,3611,Diamond,08-12-2021
66,425,Diamond,08-12-2021
1002,9261,Diamond,09-12-2021
453,2911,Gold,12-12-2021
277,1777,Gold,12-12-2021
571,3627,Silver,13-12-2021
687,4471,Diamond,14-12-2021
640,4115,Diamond,14-12-2021
39,254,Diamond,14-12-2021
435,2740,Diamond,15-12-2021
411,2572,Diamond,15-12-2021
548,3501,Diamond,16-12-2021
1167,12335,Diamond,18-12-2021
727,4723,Diamond,19-12-2021
603,3850,Diamond,20-12-2021
496,3183,Silver,21-12-2021
73,451,Silver,21-12-2021
146,822,Diamond,23-12-2021
439,2779,Diamond,23-12-2021
613,3913,Diamond,23-12-2021
323,2065,Silver,24-12-2021
623,3984,Diamond,25-12-2021
530,3360,Diamond,25-12-2021
396,2508,Diamond,26-12-2021
1076,10604,Gold,27-12-2021
344,2168,Diamond,27-12-2021
525,3337,Diamond,27-12-2021
42,264,Silver,28-12-2021
740,4823,Silver,28-12-2021
780,5333,Diamond,29-12-2021
509,3253,Gold,30-12-2021
308,1938,Diamond,30-12-2021
618,3947,Diamond,31-12-2021
209,1251,Diamond,31-12-2021
1155,12088,Diamond,01-12-2021
95,519,Silver,01-12-2021
833,6299,Diamond,01-12-2021
319,2038,Silver,02-12-2021
795,5563,Diamond,02-12-2021
508,3249,Diamond,03-12-2021
78,468,Diamond,04-12-2021
683,4437,Diamond,05-12-2021
32,219,Diamond,06-12-2021
550,3515,Diamond,08-12-2021
1217,13098,Silver,09-12-2021
1003,9274,Diamond,09-12-2021
179,1059,Diamond,10-12-2021
169,1019,Diamond,10-12-2021
221,1339,Diamond,10-12-2021
684,4457,Diamond,11-12-2021
77,466,Diamond,13-12-2021
581,3721,Diamond,13-12-2021
47,280,Diamond,13-12-2021
386,2478,Diamond,14-12-2021
346,2177,Diamond,14-12-2021
406,2548,Diamond,16-12-2021
951,8392,Diamond,16-12-2021
519,3297,Diamond,16-12-2021
321,2058,Gold,16-12-2021
128,716,Diamond,19-12-2021
711,4592,Diamond,19-12-2021
538,3414,Gold,20-12-2021
29,192,Diamond,20-12-2021
834,6301,Diamond,21-12-2021
461,2977,Gold,21-12-2021
239,1453,Gold,24-12-2021
395,2502,Diamond,24-12-2021
531,3378,Gold,24-12-2021
1150,12020,Diamond,25-12-2021
96,528,Diamond,26-12-2021
367,2343,Diamond,27-12-2021
1023,9621,Diamond,30-12-2021
702,4543,Diamond,30-12-2021
405,2542,Diamond,31-12-2021
480,3092,Diamond,01-12-2021
1098,11063,Diamond,01-12-2021
79,469,Diamond,02-12-2021
402,2536,Diamond,03-12-2021
551,3517,Diamond,03-12-2021
425,2662,Silver,04-12-2021
1195,12787,Gold,04-12-2021
1154,12070,Diamond,05-12-2021
307,1930,Gold,05-12-2021
752,4944,Silver,06-12-2021
134,769,Diamond,07-12-2021
285,1811,Gold,10-12-2021
544,3448,Gold,10-12-2021
526,3339,Diamond,10-12-2021
352,2235,Diamond,11-12-2021
328,2121,Silver,12-12-2021
26,161,Diamond,14-12-2021
141,808,Diamond,15-12-2021
151,861,Diamond,16-12-2021
203,1231,Diamond,16-12-2021
653,4212,Diamond,16-12-2021
880,7186,Diamond,17-12-2021
620,3959,Diamond,17-12-2021
630,4019,Diamond,18-12-2021
1188,12678,Diamond,19-12-2021
389,2489,Gold,19-12-2021
1024,9622,Diamond,20-12-2021
193,1179,Gold,21-12-2021
758,5016,Diamond,21-12-2021
634,4081,Silver,22-12-2021
361,2312,Diamond,23-12-2021
242,1473,Diamond,24-12-2021
923,7855,Diamond,24-12-2021
1007,9333,Gold,25-12-2021
520,3308,Diamond,25-12-2021
629,4018,Silver,25-12-2021
335,2137,Diamond,25-12-2021
414,2606,Diamond,26-12-2021
36,236,Diamond,28-12-2021
561,3581,Gold,28-12-2021
291,1836,Diamond,29-12-2021
231,1390,Silver,29-12-2021
782,5376,Diamond,29-12-2021
180,1062,Diamond,29-12-2021
765,5175,Diamond,29-12-2021
357,2277,Silver,29-12-2021
554,3535,Diamond,29-12-2021
956,8502,Diamond,30-12-2021
676,4380,Diamond,30-12-2021
255,1579,Gold,01-11-2021
1193,12743,Diamond,01-11-2021
416,2616,Diamond,01-11-2021
585,3753,Gold,01-11-2021
744,4863,Diamond,02-11-2021
23,146,Diamond,03-11-2021
394,2501,Diamond,05-11-2021
460,2971,Diamond,05-11-2021
35,231,Diamond,07-11-2021
447,2845,Diamond,07-11-2021
264,1669,Diamond,07-11-2021
245,1483,Diamond,08-11-2021
505,3233,Silver,09-11-2021
336,2138,Silver,09-11-2021
366,2335,Diamond,09-11-2021
533,3384,Diamond,09-11-2021
288,1826,Diamond,10-11-2021
754,4976,Silver,10-11-2021
116,646,Diamond,11-11-2021
1035,9732,Diamond,11-11-2021
682,4429,Diamond,11-11-2021
792,5526,Diamond,11-11-2021
385,2476,Diamond,12-11-2021
53,333,Diamond,13-11-2021
751,4941,Silver,15-11-2021
614,3938,Silver,16-11-2021
957,8506,Silver,16-11-2021
1,9,Gold,16-11-2021
743,4862,Gold,18-11-2021
61,374,Diamond,18-11-2021
60,370,Diamond,18-11-2021
74,453,Diamond,18-11-2021
749,4929,Diamond,19-11-2021
339,2154,Diamond,19-11-2021
769,5224,Diamond,20-11-2021
488,3134,Gold,20-11-2021
31,208,Diamond,21-11-2021
542,3439,Diamond,22-11-2021
750,4937,Diamond,24-11-2021
855,6764,Diamond,24-11-2021
299,1886,Diamond,25-11-2021
158,928,Gold,25-11-2021
857,6789,Silver,25-11-2021
230,1388,Gold,25-11-2021
295,1864,Diamond,26-11-2021
584,3751,Diamond,28-11-2021
449,2865,Diamond,28-11-2021
351,2232,Diamond,01-11-2021
138,791,Diamond,02-11-2021
524,3333,Diamond,02-11-2021
693,4495,Silver,03-11-2021
604,3858,Diamond,04-11-2021
746,4901,Diamond,04-11-2021
333,2128,Diamond,04-11-2021
129,719,Diamond,05-11-2021
429,2709,Diamond,05-11-2021
424,2659,Diamond,06-11-2021
345,2175,Diamond,07-11-2021
1165,12291,Diamond,08-11-2021
1070,10490,Silver,08-11-2021
217,1316,Diamond,09-11-2021
636,4091,Silver,09-11-2021
820,6039,Diamond,10-11-2021
46,273,Diamond,10-11-2021
742,4833,Diamond,10-11-2021
404,2540,Silver,12-11-2021
102,575,Diamond,12-11-2021
455,2924,Diamond,13-11-2021
253,1536,Gold,14-11-2021
570,3620,Diamond,14-11-2021
27,167,Silver,15-11-2021
580,3713,Diamond,16-11-2021
409,2562,Diamond,16-11-2021
205,1242,Diamond,16-11-2021
773,5245,Diamond,18-11-2021
487,3130,Diamond,18-11-2021
177,1056,Diamond,19-11-2021
632,4069,Diamond,19-11-2021
445,2820,Gold,19-11-2021
1001,9247,Diamond,20-11-2021
257,1589,Diamond,20-11-2021
178,1057,Diamond,21-11-2021
704,4553,Gold,21-11-2021
56,339,Diamond,22-11-2021
148,834,Diamond,22-11-2021
392,2496,Diamond,22-11-2021
523,3319,Silver,23-11-2021
1175,12494,Diamond,24-11-2021
466,2998,Diamond,25-11-2021
500,3192,Diamond,26-11-2021
4,42,Diamond,26-11-2021
388,2488,Silver,26-11-2021
164,992,Diamond,29-11-2021
489,3135,Diamond,29-11-2021
626,3992,Diamond,30-11-2021
1169,12354,Diamond,30-11-2021
1137,11771,Gold,01-11-2021
677,4382,Silver,01-11-2021
20,131,Diamond,02-11-2021
657,4246,Silver,02-11-2021
219,1329,Diamond,04-11-2021
819,5978,Gold,06-11-2021
1177,12535,Gold,06-11-2021
341,2156,Gold,06-11-2021
692,4493,Diamond,08-11-2021
715,4639,Silver,08-11-2021
131,725,Diamond,08-11-2021
201,1223,Diamond,08-11-2021
605,3874,Diamond,11-11-2021
306,1929,Diamond,11-11-2021
378,2430,Diamond,11-11-2021
549,3504,Diamond,12-11-2021
371,2388,Gold,13-11-2021
147,826,Silver,13-11-2021
527,3348,Silver,14-11-2021
172,1030,Diamond,14-11-2021
886,7325,Diamond,15-11-2021
479,3085,Diamond,16-11-2021
691,4492,Diamond,16-11-2021
560,3577,Diamond,17-11-2021
452,2910,Diamond,19-11-2021
506,3236,Gold,19-11-2021
735,4772,Diamond,19-11-2021
654,4230,Diamond,21-11-2021
196,1197,Diamond,22-11-2021
473,3063,Diamond,22-11-2021
829,6255,Diamond,22-11-2021
310,1947,Silver,23-11-2021
76,464,Diamond,23-11-2021
573,3638,Diamond,23-11-2021
240,1459,Diamond,23-11-2021
728,4725,Diamond,24-11-2021
924,7862,Diamond,24-11-2021
486,3128,Gold,25-11-2021
1081,10696,Diamond,25-11-2021
753,4974,Diamond,25-11-2021
442,2796,Diamond,26-11-2021
125,694,Gold,26-11-2021
674,4360,Diamond,28-11-2021
322,2063,Diamond,28-11-2021
685,4467,Diamond,29-11-2021
635,4083,Diamond,29-11-2021
